<?xml version="1.0" encoding="UTF-8"?>
<!DOCTYPE mapper PUBLIC "-//mybatis.org//DTD Mapper 3.0//EN"
        "http://mybatis.org/dtd/mybatis-3-mapper.dtd">

<mapper namespace="net.fuzui.StudentInfo.mapper.CommentMapper">


    <!-- 为了返回List，类型而定义的resultMap -->
    <resultMap type="Comment" id="resultListComment">
        <result column="i_id" property="i_id" />
        <result column="comment" property="comment"  />
        <result column="s_id" property="s_id" />
        <result column="c_id" property="c_id" />
        <result column="frequency" property="frequency" />
        <result column="date" property="cDate"/>
		<result column="class_class_id" property="classId"/>
		<result column="courseId" property="courseId"/>
		<result column="analysisResult" property="analysisResult"/>
    </resultMap>

    <!-- 添加评价信息 -->
    <insert id="insertComment">
		insert into comment(i_id,comment,s_id,c_id,frequency,date,class_class_id,courseId, analysisResult)
		value (#{i_id}, #{comment},#{s_id},#{c_id},#{frequency},#{cDate},#{classId},#{courseId},#{analysisResult})
	</insert>
	<!--根据选择添加-->
	<insert id="insertSelective" parameterType="net.fuzui.StudentInfo.pojo.Comment">
	insert into comment
		<trim prefix="(" suffix=")" suffixOverrides="," >
			<if test="i_id != null" >
				i_id,
			</if>
			<if test="comment != null" >
				comment,
			</if>
			<if test="s_id != null" >
				s_id,
			</if>
			<if test="c_id != null" >
				c_id,
			</if>
			<if test="frequency != null" >
				frequency,
			</if>
			<if test="cDate != null" >
				date,
			</if>
			<if test="classId != null" >
				class_class_id,
			</if>
			<if test="courseId != null" >
				courseId,
			</if>
			<if test="analysisResult != null" >
				analysisResult,
			</if>
		</trim>
		<trim prefix="values (" suffix=")" suffixOverrides="," >
			<if test="i_id != null" >
				#{i_id},
			</if>
			<if test="comment != null" >
				#{comment},
			</if>
			<if test="s_id != null" >
				#{s_id},
			</if>
			<if test="c_id != null" >
				#{c_id},
			</if>
			<if test="frequency != null" >
				#{frequency},
			</if>
			<if test="cDate != null" >
				#{cDate},
			</if>
			<if test="classId != null" >
				#{classId},
			</if>
			<if test="courseId != null" >
				#{courseId},
			</if>
			<if test="analysisResult != null" >
				#{analysisResult},
			</if>
		</trim>
 	</insert>
	<update id="updateByPrimaryKeySelective" parameterType="Comment">
		update comment
		<set>
			<if test="i_id != null" >
				i_id=#{i_id},
			</if>
			<if test="comment != null" >
				comment=#{comment},
			</if>
			<if test="s_id != null" >
				s_id=#{s_id},
			</if>
			<if test="frequency != null" >
				frequency=#{frequency},
			</if>
			<if test="cDate != null" >
				date=#{cDate},
			</if>
			<if test="classId != null" >
				class_class_id=#{classId},
			</if>
			<if test="courseId != null" >
				courseId=#{courseId},
			</if>
			<if test="analysisResult != null" >
				analysisResult=#{analysisResult},
			</if>
		</set>
		where c_id=#{c_id}
	</update>
	<update id="updateByPrimaryKey" parameterType="Comment">
		update comment
		set
			i_id=#{i_id},
			comment=#{comment},
			s_id=#{s_id},
			frequency=#{frequency},
			date=#{cDate},
			class_class_id=#{classId},
			courseId=#{courseId},
			analysisResult=#{analysisResult},
		where c_id=#{c_id}
	</update>
	<select id="selectAll" resultMap="resultListComment">
		SELECT * FROM comment WHERE 1=1
	</select>
	<!-- 批量插入数据 -->
	<insert id="insertBatch" parameterType="java.util.List" useGeneratedKeys="true">
		insert into comment(i_id,comment,s_id,c_id,frequency,date,class_class_id,courseId,analysisResult)
		<foreach collection="dataList" item="data" index="index" separator=",">
			values (#{data.i_id}, #{data.comment},#{data.s_id},#{data.c_id},#{data.frequency},
			#{data.cDate},#{data.classId},#{data.courseId},#{data.analysisResult})
		</foreach>
	</insert>

    <!-- 根据评价编号删除评价信息 -->
    <delete id="deleteComment" parameterType="String">
		delete from comment where c_id=#{c_id}
	</delete>

    <!-- 根据评价编号查询出评价实体 -->
    <select id="getByConCid" parameterType="String" resultType="net.fuzui.StudentInfo.pojo.Comment">
		SELECT * from comment c where c.c_id = #{c_id}
	</select>

    <!-- 查询全部评价 -->
    <select id="selectCommentBySql" parameterType="map" resultMap="resultListComment">
		select * from comment c
	</select>



    <!-- 根据评价编号查询评价信息 -->
    <select id="getByCommentCid" parameterType="map" resultMap="resultListComment">
		select * from comment c where c.c_id = #{c_id}
	</select>

	<!-- 根据课程查询信息 -->
	<select id="getByCommentCourse" parameterType="map" resultMap="resultListComment">
		select * from comment c where c.courseId = #{courseId}
	</select>

    <!-- 根据教师查询信息 -->
    <select id="getByCommentTeacher" parameterType="map" resultMap="resultListComment">
		select * from comment c where c.i_id = #{i_id}
	</select>

    <!-- 根据班级查询信息 -->
    <select id="getByCommentClass" parameterType="map" resultMap="resultListComment">
		select * from comment c where c.class_class_id = #{classId}
	</select>

    <!-- ajax验证评价编号是否存在 -->
    <select id="ajaxQueryByCid" resultType="java.lang.String">
		select c_id from comment where c_id = #{c_id}
	</select>
	<select id="findOrder" resultType="Comment">
		select analysisResult as name, COUNT(analysisResult) as value
		from comment group by analysisResult
	</select>
</mapper>