<?xml version="1.0" encoding="UTF-8"?>
<!DOCTYPE mapper PUBLIC "-//mybatis.org//DTD Mapper 3.0//EN"
        "http://mybatis.org/dtd/mybatis-3-mapper.dtd">

<mapper namespace="net.fuzui.StudentInfo.mapper.FeedbackMapper">


    <!-- 为了返回List，类型而定义的resultMap -->
    <resultMap type="Feedback" id="resultListFeedback">
		<result column="f_id" property="f_id"/>
        <result column="feedback" property="feedback" />
        <result column="i_id" property="i_id" />
        <result column="class_id" property="class_id" />
        <result column="date" property="fDate" />
        <result column="s_id" property="s_id" />
    </resultMap>


    <!-- 根据反馈编号删除反馈信息 -->
    <delete id="deleteFeedback" parameterType="String">
		delete from feedback where f_id=#{f_id}
	</delete>


    <!-- 根据反馈编号查询出反馈实体 -->
    <select id="getByFeedbackId" parameterType="String" resultType="net.fuzui.StudentInfo.pojo.Feedback">
		SELECT * from feedback f where f.f_id = #{f_id}
	</select>


    <!-- 查询全部反馈信息 -->
    <select id="selectFeedbackBySql" parameterType="map" resultMap="resultListFeedback">
		select * from feedback f <!-- limit #{pageNo} , #{pageSize} -->
	</select>

    <!-- 根据课程编号查询反馈信息 -->
    <select id="getByFeedbackFid" parameterType="map" resultMap="resultListFeedback">
		select * from feedback f where f.f_id = #{f_id} <!-- limit #{pageNo} , #{pageSize} -->
	</select>

	<!-- 根据教师查询信息 -->
	<select id="getByFeedbackTeacher" parameterType="map" resultMap="resultListFeedback">
		select * from feedback f where f.i_id = #{i_id}
	</select>

	<!-- 根据班级查询信息没写完 -->
	<select id="getByFeedbackClass" parameterType="map" resultMap="resultListFeedback">
		select * from feedback c where c.class_id = #{class_id}
	</select>


    <!-- ajax验证课程编号是否存在 -->
    <select id="ajaxQueryByCid" resultType="java.lang.String">
		select f_id from feedback where f_id = #{f_id}
	</select>

</mapper>