<?xml version="1.0" encoding="UTF-8"?>
<!DOCTYPE mapper PUBLIC "-//mybatis.org//DTD Mapper 3.0//EN" 
"http://mybatis.org/dtd/mybatis-3-mapper.dtd">

<mapper namespace="net.fuzui.StudentInfo.mapper.StudentMapper">
	<!-- 为了返回List，类型而定义的resultMap -->
	<resultMap type="Student" id="resultListStudent">
		<result column="s_id" property="sid" />
		<result column="s_name" property="s_name" />
		<result column="s_password" property="s_password" />
		<result column="s_email" property="s_email" />
		<result column="ssex" property="ssex" />
		<result column="profession" property="profession" />
		<result column="dept_name" property="dept_name" />
		<result column="class_id" property="class_id" />

	</resultMap>





	<!-- 添加学生信息 -->
	<insert id="insertStudent" parameterType="Student">
		insert into student(s_id,s_name,s_password,s_email,ssex,profession,dept_name,class_id)
		value (#{sid}, #{s_name},#{s_password},#{s_email}, #{ssex}, #{profession},#{dept_name}, #{class_id})
	</insert>

	<!-- 根据学号删除学生信息 -->
	<delete id="deleteStudent" parameterType="String">
		delete from student where s_id=#{sid}
	</delete>

	<!-- 根据学号修改学生信息 -->
	<update id="modifyStudent" parameterType="Student">
		update student set
		s_name=#{s_name},s_password=#{s_password},s_email=#{s_email},ssex=#{ssex},profession=#{profession},dept_name=#{dept_name},class_id=#{class_id}
		where s_id =#{sid}
	</update>

	<!-- 修改学生密码 -->
	<update id="modifyStudentPwd">
		update student set s_password=#{s_password} where s_id =#{sid}
	</update>

	<!-- 根据学号查询出学生实体 -->
	<select id="getByStuSid" parameterType="String" resultType="net.fuzui.StudentInfo.pojo.Student">
		SELECT * from student where s_id = #{sid}
	</select>

	<!-- 学生登录设置 -->
	<select id="queryByNamePwd" resultType="java.lang.String">
		select * from student where s_id = #{sid} and s_password= #{s_password}
	</select>

	<!-- 查询全部学生 -->
	<select id="selectStudentBySql" parameterType="map" resultMap="resultListStudent">
		select * from student <!-- limit #{pageNo} , #{pageSize} -->
	</select>

	<!-- 根据学号查询学生信息 -->
	<select id="getByStudentSid" parameterType="map" resultMap="resultListStudent">
		select * from student where s_id = #{sid} <!-- limit #{pageNo} , #{pageSize} -->
	</select>

	<!-- 根据学院查询学生信息 -->
	<select id="getByStudentCol" parameterType="map" resultMap="resultListStudent">
		select * from student where dept_name = #{dept_name} <!-- limit #{pageNo} , #{pageSize} -->
	</select>

	<!-- 根据专业查询学生信息 -->
	<select id="getByStudentPro" parameterType="map" resultMap="resultListStudent">
		select * from student where profession = #{profession} <!-- limit #{pageNo} , #{pageSize} -->
	</select>

	<!-- 根据班级查询学生信息 -->
	<select id="getByStudentCla" parameterType="map" resultMap="resultListStudent">
		select * from student where class_id = #{class_id} <!-- limit #{pageNo} , #{pageSize} -->
	</select>

	<!-- ajax验证学号是否存在 -->
	<select id="ajaxQueryBySid" resultType="java.lang.String">
		select s_id from student where s_id = #{sid}
	</select>

</mapper>