<?xml version="1.0" encoding="UTF-8"?>
<!DOCTYPE mapper PUBLIC "-//mybatis.org//DTD Mapper 3.0//EN"
        "http://mybatis.org/dtd/mybatis-3-mapper.dtd">

<mapper namespace="net.fuzui.StudentInfo.mapper.TeacherMapper">

    <!-- 为了返回List，类型而定义的resultMap -->
    <resultMap type="Teacher" id="resultListTeacher">
        <result column="i_id" property="tid" />
        <result column="i_name" property="i_name" />
        <result column="i_password" property="i_password" />
        <result column="i_email" property="i_email" />
    </resultMap>





    <!-- 添加教师信息 -->
    <insert id="insertTeacher" parameterType="Teacher">
		insert into instructor(i_id,i_name,i_password,i_email)
		value (#{tid},#{i_name},#{i_password},#{i_email})
	</insert>

    <!-- 根据教师编号删除教师信息 -->
    <delete id="deleteTeacher" parameterType="String">
		delete from instructor where i_id=#{tid}
	</delete>

    <!-- 根据教师编号修改教师信息 -->
    <update id="modifyTeacher" parameterType="Teacher">
		update instructor set
		i_name=#{i_name},i_password=#{i_password},i_email=#{i_email}
		where i_id =#{tid}
	</update>

    <!-- 修改教师密码 -->
    <update id="modifyTeacherPwd">
		update instructor set i_password=#{i_password} where i_id =#{tid}
	</update>

    <!-- 根据教师编号查询出教师实体 -->
    <select id="getByTeaTid" parameterType="String" resultType="net.fuzui.StudentInfo.pojo.Teacher">
		SELECT * from instructor where i_id = #{tid}
	</select>

    <!-- 教师登录设置 -->
    <select id="queryByNamePwd" resultType="java.lang.String">
		select * from instructor where i_id = #{tid} and i_password= #{i_password}
	</select>

    <!-- 查询全部教师 -->
    <select id="selectTeacherBySql" parameterType="map" resultMap="resultListTeacher">
		select * from instructor <!-- limit #{pageNo} , #{pageSize} -->
	</select>

    <!-- 根据教师编号查询学生信息 -->
    <select id="getByTeacherTid" parameterType="map" resultMap="resultListTeacher">
		select * from instructor where i_id = #{tid} <!-- limit #{pageNo} , #{pageSize} -->
	</select>

    <!-- ajax验证教师编号是否存在 -->
    <select id="ajaxQueryByTid" resultType="java.lang.String">
		select i_id from instructor where i_id = #{tid}
	</select>

</mapper>